{
    "app": {
        "path": "\/assets\/app-t_CJ3dw.js",
        "type": "js"
    },
    "\/assets\/stimulus_bootstrap.js": {
        "path": "\/assets\/stimulus_bootstrap-xCO4u8H.js",
        "type": "js"
    },
    "\/assets\/@symfony\/stimulus-bundle\/controllers.js": {
        "path": "\/assets\/@symfony\/stimulus-bundle\/controllers-IWeobkd.js",
        "type": "js"
    },
    "\/assets\/@symfony\/ux-turbo\/turbo_controller.js": {
        "path": "\/assets\/@symfony\/ux-turbo\/turbo_controller-8wQNi2p.js",
        "type": "js"
    },
    "\/assets\/controllers\/hello_controller.js": {
        "path": "\/assets\/controllers\/hello_controller-VYgvytJ.js",
        "type": "js"
    },
    "\/assets\/controllers\/csrf_protection_controller.js": {
        "path": "\/assets\/controllers\/csrf_protection_controller-6ynUAeX.js",
        "type": "js"
    },
    "\/assets\/styles\/app.css": {
        "path": "\/assets\/styles\/app-1YrFVzH.css",
        "type": "css"
    },
    "@hotwired\/stimulus": {
        "path": "\/assets\/vendor\/@hotwired\/stimulus\/stimulus.index-S4zNcea.js",
        "type": "js"
    },
    "@symfony\/stimulus-bundle": {
        "path": "\/assets\/@symfony\/stimulus-bundle\/loader-V1GtHuK.js",
        "type": "js"
    },
    "@hotwired\/turbo": {
        "path": "\/assets\/vendor\/@hotwired\/turbo\/turbo.index-pT15T6h.js",
        "type": "js"
    }
}